cluster,cluster_label,n_squares,share,weekday_total,weekend_total,weekend_weekday_ratio,day_night_ratio_internet
3,High-activity core,861,0.0861,9974.131580553172,7723.087558902318,0.804897849434014,2.1889264390655847
1,Urban mixed-use,2101,0.2101,2677.7807875253343,2283.4408007715138,0.8739043891750556,2.08247245103272
2,Moderate activity,3561,0.3561,1095.8081387743061,932.2258913331677,0.8614461016158411,2.115055088164002
0,Low activity / peripheral,3477,0.3477,305.54362313073045,257.2070356433914,0.8570376502918177,2.0903608211205005
